run,verdict,exit,ms,runid
1,SUCCESS,0,15283,replay-79949de94e7a
2,SUCCESS,0,15667,replay-a7f3a0991cb8
3,SUCCESS,0,17261,replay-baf7d91957b4
4,SUCCESS,0,15617,replay-7e44b3bbbfb2
5,SUCCESS,0,14916,replay-3ee6f3eafd11
6,SUCCESS,0,16302,replay-a5b5e6e3e250
7,SUCCESS,0,15254,replay-4ef5c5ea3a7f
8,SUCCESS,0,14516,replay-d67337b88578
9,SUCCESS,0,15147,replay-4f93f021f4b1
10,SUCCESS,0,14633,replay-bcde892d8064
11,SUCCESS,0,14726,replay-24206bbd398c
12,SUCCESS,0,14208,replay-b2b039d96e08
13,SUCCESS,0,14692,replay-9c0115216acf
14,SUCCESS,0,14479,replay-62762b40b0d9
15,SUCCESS,0,14337,replay-5e803902f1e8
16,SUCCESS,0,14228,replay-dd0b23b10f4f
17,SUCCESS,0,16953,replay-79e88d9e506d
18,SUCCESS,0,16224,replay-6e3a4506fb81
19,SUCCESS,0,14182,replay-6d41ce45b408
20,SUCCESS,0,14155,replay-fb55f4bd1d4b
DONE
